Year,Country,Wheat,,,,,,,,,,,,
1974,Argentina,5.97,,,,,,,,,,,,
1975,Argentina,8.57,,,,,,,,,,,,
1976,Argentina,11.00,,,,,,,,,,,,
1977,Argentina,5.30,,,,,,,,,,,,
1978,Argentina,8.10,,,,,,,,,,,,
1979,Argentina,8.10,,,,,,,,,,,,
1980,Argentina,7.78,,,,,,,,,,,,
1981,Argentina,8.30,,,,,,,,,,,,
1982,Argentina,15.00,,,,,,,,,,,,
1983,Argentina,12.80,,,,,,,,,,,,
1984,Argentina,13.60,,,,,,,,,,,,
1985,Argentina,8.70,,,,,,,,,,,,
1986,Argentina,8.93,,,,,,,,,,,,
1987,Argentina,8.80,,,,,,,,,,,,
1988,Argentina,8.40,,,,,,,,,,,,
1989,Argentina,10.15,,,,,,,,,,,,
1990,Argentina,10.90,,,,,,,,,,,,
1991,Argentina,9.88,,,,,,,,,,,,
1992,Argentina,9.80,,,,,,,,,,,,
1993,Argentina,9.70,,,,,,,,,,,,
1994,Argentina,11.30,,,,,,,,,,,,
1995,Argentina,8.60,,,,,,,,,,,,
1996,Argentina,15.90,,,,,,,,,,,,
1997,Argentina,14.80,,,,,,,,,,,,
1998,Argentina,11.50,,,,,,,,,,,,
1999,Argentina,15.70,,,,,,,,,,,,
2000,Argentina,15.96,,,,,,,,,,,,
2001,Argentina,15.30,,,,,,,,,,,,
2002,Argentina,12.30,,,,,,,,,,,,
2003,Argentina,14.56,,,,,,,,,,,,
2004,Argentina,16.00,,,,,,,,,,,,
2005,Argentina,12.59,,,,,,,,,,,,
2006,Argentina,14.55,,,,,,,,,,,,
2007,Argentina,16.35,,,,,,,,,,,,
2008,Argentina,8.37,,,,,,,,,,,,
2009,Argentina,9.02,,,,,,,,,,,,
2010,Argentina,15.88,,,,,,,,,,,,
2011,Argentina,14.50,,,,,,,,,,,,
2012,Argentina,8.03,,,,,,,,,,,,
2013,Argentina,9.20,,,,,,,,,,,,
2014,Argentina,13.90,,,,,,,,,,,,
2015,Argentina,11.30,,,,,,,,,,,,
2016,Argentina,18.39,,,,,,,,,,,,
2017,Argentina,18.52,,,,,,,,,,,,
2018,Argentina,19.46,,,,,,,,,,,,
2019,Argentina,19.75,,,,,,,,,,,,
2020,Argentina,17.62,,,,,,,,,,,,
1974,Canada,13.30,,,,,,,,,,,,
1975,Canada,17.08,,,,,,,,,,,,
1976,Canada,23.59,,,,,,,,,,,,
1977,Canada,19.86,,,,,,,,,,,,
1978,Canada,21.15,,,,,,,,,,,,
1979,Canada,17.18,,,,,,,,,,,,
1980,Canada,19.16,,,,,,,,,,,,
1981,Canada,24.80,,,,,,,,,,,,
1982,Canada,26.74,,,,,,,,,,,,
1983,Canada,26.51,,,,,,,,,,,,
1984,Canada,21.20,,,,,,,,,,,,
1985,Canada,24.30,,,,,,,,,,,,
1986,Canada,31.36,,,,,,,,,,,,
1987,Canada,25.95,,,,,,,,,,,,
1988,Canada,15.91,,,,,,,,,,,,
1989,Canada,24.80,,,,,,,,,,,,
1990,Canada,32.10,,,,,,,,,,,,
1991,Canada,31.95,,,,,,,,,,,,
1992,Canada,29.87,,,,,,,,,,,,
1993,Canada,27.23,,,,,,,,,,,,
1994,Canada,23.12,,,,,,,,,,,,
1995,Canada,24.99,,,,,,,,,,,,
1996,Canada,29.80,,,,,,,,,,,,
1997,Canada,24.28,,,,,,,,,,,,
1998,Canada,24.08,,,,,,,,,,,,
1999,Canada,26.94,,,,,,,,,,,,
2000,Canada,26.80,,,,,,,,,,,,
2001,Canada,20.57,,,,,,,,,,,,
2002,Canada,16.20,,,,,,,,,,,,
2003,Canada,23.55,,,,,,,,,,,,
2004,Canada,25.86,,,,,,,,,,,,
2005,Canada,26.78,,,,,,,,,,,,
2006,Canada,25.27,,,,,,,,,,,,
2007,Canada,20.05,,,,,,,,,,,,
2008,Canada,28.61,,,,,,,,,,,,
2009,Canada,26.85,,,,,,,,,,,,
2010,Canada,23.30,,,,,,,,,,,,
2011,Canada,25.29,,,,,,,,,,,,
2012,Canada,27.25,,,,,,,,,,,,
2013,Canada,37.59,,,,,,,,,,,,
2014,Canada,29.44,,,,,,,,,,,,
2015,Canada,27.65,,,,,,,,,,,,
2016,Canada,32.14,,,,,,,,,,,,
2017,Canada,30.38,,,,,,,,,,,,
2018,Canada,32.35,,,,,,,,,,,,
2019,Canada,32.67,,,,,,,,,,,,
2020,Canada,35.18,,,,,,,,,,,,
1974,China,40.87,,,,,,,,,,,,
1975,China,45.31,,,,,,,,,,,,
1976,China,50.39,,,,,,,,,,,,
1977,China,41.08,,,,,,,,,,,,
1978,China,53.84,,,,,,,,,,,,
1979,China,62.73,,,,,,,,,,,,
1980,China,55.21,,,,,,,,,,,,
1981,China,59.64,,,,,,,,,,,,
1982,China,68.42,,,,,,,,,,,,
1983,China,81.39,,,,,,,,,,,,
1984,China,87.82,,,,,,,,,,,,
1985,China,85.80,,,,,,,,,,,,
1986,China,90.30,,,,,,,,,,,,
1987,China,85.80,,,,,,,,,,,,
1988,China,85.40,,,,,,,,,,,,
1989,China,90.80,,,,,,,,,,,,
1990,China,98.23,,,,,,,,,,,,
1991,China,95.95,,,,,,,,,,,,
1992,China,101.59,,,,,,,,,,,,
1993,China,106.39,,,,,,,,,,,,
1994,China,99.30,,,,,,,,,,,,
1995,China,102.21,,,,,,,,,,,,
1996,China,110.57,,,,,,,,,,,,
1997,China,123.29,,,,,,,,,,,,
1998,China,109.73,,,,,,,,,,,,
1999,China,113.88,,,,,,,,,,,,
2000,China,99.64,,,,,,,,,,,,
2001,China,93.87,,,,,,,,,,,,
2002,China,90.29,,,,,,,,,,,,
2003,China,86.49,,,,,,,,,,,,
2004,China,91.95,,,,,,,,,,,,
2005,China,97.45,,,,,,,,,,,,
2006,China,108.47,,,,,,,,,,,,
2007,China,109.53,,,,,,,,,,,,
2008,China,112.93,,,,,,,,,,,,
2009,China,115.83,,,,,,,,,,,,
2010,China,116.14,,,,,,,,,,,,
2011,China,118.63,,,,,,,,,,,,
2012,China,122.54,,,,,,,,,,,,
2013,China,123.71,,,,,,,,,,,,
2014,China,128.32,,,,,,,,,,,,
2015,China,132.64,,,,,,,,,,,,
2016,China,133.27,,,,,,,,,,,,
2017,China,134.33,,,,,,,,,,,,
2018,China,131.43,,,,,,,,,,,,
2019,China,133.59,,,,,,,,,,,,
2020,China,134.30,,,,,,,,,,,,
1974,India,0.00,,,,,,,,,,,,
1975,India,0.00,,,,,,,,,,,,
1976,India,0.00,,,,,,,,,,,,
1977,India,0.00,,,,,,,,,,,,
1978,India,0.00,,,,,,,,,,,,
1979,India,0.00,,,,,,,,,,,,
1980,India,0.00,,,,,,,,,,,,
1981,India,0.00,,,,,,,,,,,,
1982,India,0.00,,,,,,,,,,,,
1983,India,0.00,,,,,,,,,,,,
1984,India,0.00,,,,,,,,,,,,
1985,India,0.00,,,,,,,,,,,,
1986,India,47.10,,,,,,,,,,,,
1987,India,45.60,,,,,,,,,,,,
1988,India,46.20,,,,,,,,,,,,
1989,India,54.10,,,,,,,,,,,,
1990,India,49.90,,,,,,,,,,,,
1991,India,55.13,,,,,,,,,,,,
1992,India,55.69,,,,,,,,,,,,
1993,India,57.21,,,,,,,,,,,,
1994,India,59.84,,,,,,,,,,,,
1995,India,65.47,,,,,,,,,,,,
1996,India,62.10,,,,,,,,,,,,
1997,India,69.35,,,,,,,,,,,,
1998,India,65.91,,,,,,,,,,,,
1999,India,70.78,,,,,,,,,,,,
2000,India,76.37,,,,,,,,,,,,
2001,India,69.70,,,,,,,,,,,,
2002,India,71.81,,,,,,,,,,,,
2003,India,65.10,,,,,,,,,,,,
2004,India,72.06,,,,,,,,,,,,
2005,India,68.64,,,,,,,,,,,,
2006,India,69.35,,,,,,,,,,,,
2007,India,75.81,,,,,,,,,,,,
2008,India,78.57,,,,,,,,,,,,
2009,India,80.68,,,,,,,,,,,,
2010,India,80.80,,,,,,,,,,,,
2011,India,86.87,,,,,,,,,,,,
2012,India,94.88,,,,,,,,,,,,
2013,India,93.51,,,,,,,,,,,,
2014,India,95.85,,,,,,,,,,,,
2015,India,86.53,,,,,,,,,,,,
2016,India,86.00,,,,,,,,,,,,
2017,India,98.51,,,,,,,,,,,,
2018,India,99.70,,,,,,,,,,,,
2019,India,103.60,,,,,,,,,,,,
2020,India,107.86,,,,,,,,,,,,
1974,Kazakhstan,0.00,,,,,,,,,,,,
1975,Kazakhstan,0.00,,,,,,,,,,,,
1976,Kazakhstan,0.00,,,,,,,,,,,,
1977,Kazakhstan,0.00,,,,,,,,,,,,
1978,Kazakhstan,0.00,,,,,,,,,,,,
1979,Kazakhstan,0.00,,,,,,,,,,,,
1980,Kazakhstan,0.00,,,,,,,,,,,,
1981,Kazakhstan,0.00,,,,,,,,,,,,
1982,Kazakhstan,0.00,,,,,,,,,,,,
1983,Kazakhstan,0.00,,,,,,,,,,,,
1984,Kazakhstan,0.00,,,,,,,,,,,,
1985,Kazakhstan,0.00,,,,,,,,,,,,
1986,Kazakhstan,0.00,,,,,,,,,,,,
1987,Kazakhstan,0.00,,,,,,,,,,,,
1988,Kazakhstan,0.00,,,,,,,,,,,,
1989,Kazakhstan,0.00,,,,,,,,,,,,
1990,Kazakhstan,0.00,,,,,,,,,,,,
1991,Kazakhstan,0.00,,,,,,,,,,,,
1992,Kazakhstan,0.00,,,,,,,,,,,,
1993,Kazakhstan,0.00,,,,,,,,,,,,
1994,Kazakhstan,0.00,,,,,,,,,,,,
1995,Kazakhstan,0.00,,,,,,,,,,,,
1996,Kazakhstan,0.00,,,,,,,,,,,,
1997,Kazakhstan,0.00,,,,,,,,,,,,
1998,Kazakhstan,0.00,,,,,,,,,,,,
1999,Kazakhstan,0.00,,,,,,,,,,,,
2000,Kazakhstan,0.00,,,,,,,,,,,,
2001,Kazakhstan,0.00,,,,,,,,,,,,
2002,Kazakhstan,0.00,,,,,,,,,,,,
2003,Kazakhstan,11.50,,,,,,,,,,,,
2004,Kazakhstan,9.94,,,,,,,,,,,,
2005,Kazakhstan,11.20,,,,,,,,,,,,
2006,Kazakhstan,13.46,,,,,,,,,,,,
2007,Kazakhstan,16.47,,,,,,,,,,,,
2008,Kazakhstan,12.54,,,,,,,,,,,,
2009,Kazakhstan,17.05,,,,,,,,,,,,
2010,Kazakhstan,9.64,,,,,,,,,,,,
2011,Kazakhstan,22.73,,,,,,,,,,,,
2012,Kazakhstan,9.84,,,,,,,,,,,,
2013,Kazakhstan,13.94,,,,,,,,,,,,
2014,Kazakhstan,13.00,,,,,,,,,,,,
2015,Kazakhstan,13.75,,,,,,,,,,,,
2016,Kazakhstan,14.99,,,,,,,,,,,,
2017,Kazakhstan,14.80,,,,,,,,,,,,
2018,Kazakhstan,13.95,,,,,,,,,,,,
2019,Kazakhstan,11.45,,,,,,,,,,,,
2020,Kazakhstan,14.26,,,,,,,,,,,,
1974,Pakistan,0.00,,,,,,,,,,,,
1975,Pakistan,0.00,,,,,,,,,,,,
1976,Pakistan,0.00,,,,,,,,,,,,
1977,Pakistan,0.00,,,,,,,,,,,,
1978,Pakistan,0.00,,,,,,,,,,,,
1979,Pakistan,0.00,,,,,,,,,,,,
1980,Pakistan,0.00,,,,,,,,,,,,
1981,Pakistan,0.00,,,,,,,,,,,,
1982,Pakistan,0.00,,,,,,,,,,,,
1983,Pakistan,0.00,,,,,,,,,,,,
1984,Pakistan,0.00,,,,,,,,,,,,
1985,Pakistan,0.00,,,,,,,,,,,,
1986,Pakistan,13.90,,,,,,,,,,,,
1987,Pakistan,12.00,,,,,,,,,,,,
1988,Pakistan,12.70,,,,,,,,,,,,
1989,Pakistan,14.40,,,,,,,,,,,,
1990,Pakistan,14.40,,,,,,,,,,,,
1991,Pakistan,14.57,,,,,,,,,,,,
1992,Pakistan,15.68,,,,,,,,,,,,
1993,Pakistan,16.16,,,,,,,,,,,,
1994,Pakistan,15.21,,,,,,,,,,,,
1995,Pakistan,17.00,,,,,,,,,,,,
1996,Pakistan,16.91,,,,,,,,,,,,
1997,Pakistan,16.65,,,,,,,,,,,,
1998,Pakistan,18.69,,,,,,,,,,,,
1999,Pakistan,17.85,,,,,,,,,,,,
2000,Pakistan,21.08,,,,,,,,,,,,
2001,Pakistan,19.02,,,,,,,,,,,,
2002,Pakistan,18.23,,,,,,,,,,,,
2003,Pakistan,19.18,,,,,,,,,,,,
2004,Pakistan,19.50,,,,,,,,,,,,
2005,Pakistan,21.71,,,,,,,,,,,,
2006,Pakistan,21.70,,,,,,,,,,,,
2007,Pakistan,23.30,,,,,,,,,,,,
2008,Pakistan,20.96,,,,,,,,,,,,
2009,Pakistan,24.03,,,,,,,,,,,,
2010,Pakistan,23.90,,,,,,,,,,,,
2011,Pakistan,24.20,,,,,,,,,,,,
2012,Pakistan,23.30,,,,,,,,,,,,
2013,Pakistan,24.21,,,,,,,,,,,,
2014,Pakistan,25.98,,,,,,,,,,,,
2015,Pakistan,25.48,,,,,,,,,,,,
2016,Pakistan,25.63,,,,,,,,,,,,
2017,Pakistan,26.60,,,,,,,,,,,,
2018,Pakistan,25.08,,,,,,,,,,,,
2019,Pakistan,24.35,,,,,,,,,,,,
2020,Pakistan,24.95,,,,,,,,,,,,
1974,France,0.00,,,,,,,,,,,,
1975,France,0.00,,,,,,,,,,,,
1976,France,0.00,,,,,,,,,,,,
1977,France,0.00,,,,,,,,,,,,
1978,France,0.00,,,,,,,,,,,,
1979,France,0.00,,,,,,,,,,,,
1980,France,0.00,,,,,,,,,,,,
1981,France,0.00,,,,,,,,,,,,
1982,France,0.00,,,,,,,,,,,,
1983,France,0.00,,,,,,,,,,,,
1984,France,0.00,,,,,,,,,,,,
1985,France,0.00,,,,,,,,,,,,
1986,France,26.50,,,,,,,,,,,,
1987,France,27.20,,,,,,,,,,,,
1988,France,29.00,,,,,,,,,,,,
1989,France,31.80,,,,,,,,,,,,
1990,France,33.30,,,,,,,,,,,,
1991,France,34.59,,,,,,,,,,,,
1992,France,32.78,,,,,,,,,,,,
1993,France,29.25,,,,,,,,,,,,
1994,France,30.72,,,,,,,,,,,,
1995,France,30.89,,,,,,,,,,,,
1996,France,35.95,,,,,,,,,,,,
1997,France,33.89,,,,,,,,,,,,
1998,France,39.80,,,,,,,,,,,,
1999,France,37.16,,,,,,,,,,,,
2000,France,37.50,,,,,,,,,,,,
2001,France,31.43,,,,,,,,,,,,
2002,France,39.00,,,,,,,,,,,,
2003,France,30.47,,,,,,,,,,,,
2004,France,39.69,,,,,,,,,,,,
2005,France,36.95,,,,,,,,,,,,
2006,France,35.40,,,,,,,,,,,,
2007,France,32.77,,,,,,,,,,,,
2008,France,39.00,,,,,,,,,,,,
2009,France,38.32,,,,,,,,,,,,
2010,France,38.15,,,,,,,,,,,,
2011,France,36.09,,,,,,,,,,,,
2012,France,37.88,,,,,,,,,,,,
2013,France,38.50,,,,,,,,,,,,
2014,France,38.97,,,,,,,,,,,,
2015,France,42.38,,,,,,,,,,,,
2016,France,29.25,,,,,,,,,,,,
2017,France,38.68,,,,,,,,,,,,
2018,France,35.76,,,,,,,,,,,,
2019,France,41.11,,,,,,,,,,,,
2020,France,30.44,,,,,,,,,,,,
1974,Germany,0.00,,,,,,,,,,,,
1975,Germany,0.00,,,,,,,,,,,,
1976,Germany,0.00,,,,,,,,,,,,
1977,Germany,0.00,,,,,,,,,,,,
1978,Germany,0.00,,,,,,,,,,,,
1979,Germany,0.00,,,,,,,,,,,,
1980,Germany,0.00,,,,,,,,,,,,
1981,Germany,0.00,,,,,,,,,,,,
1982,Germany,0.00,,,,,,,,,,,,
1983,Germany,0.00,,,,,,,,,,,,
1984,Germany,0.00,,,,,,,,,,,,
1985,Germany,0.00,,,,,,,,,,,,
1986,Germany,10.40,,,,,,,,,,,,
1987,Germany,9.90,,,,,,,,,,,,
1988,Germany,11.90,,,,,,,,,,,,
1989,Germany,11.00,,,,,,,,,,,,
1990,Germany,15.20,,,,,,,,,,,,
1991,Germany,16.61,,,,,,,,,,,,
1992,Germany,15.54,,,,,,,,,,,,
1993,Germany,29.25,,,,,,,,,,,,
1994,Germany,16.42,,,,,,,,,,,,
1995,Germany,17.76,,,,,,,,,,,,
1996,Germany,18.92,,,,,,,,,,,,
1997,Germany,19.62,,,,,,,,,,,,
1998,Germany,20.13,,,,,,,,,,,,
1999,Germany,19.55,,,,,,,,,,,,
2000,Germany,21.62,,,,,,,,,,,,
2001,Germany,22.81,,,,,,,,,,,,
2002,Germany,20.78,,,,,,,,,,,,
2003,Germany,19.26,,,,,,,,,,,,
2004,Germany,25.38,,,,,,,,,,,,
2005,Germany,23.69,,,,,,,,,,,,
2006,Germany,22.37,,,,,,,,,,,,
2007,Germany,20.83,,,,,,,,,,,,
2008,Germany,25.99,,,,,,,,,,,,
2009,Germany,25.19,,,,,,,,,,,,
2010,Germany,24.04,,,,,,,,,,,,
2011,Germany,23.00,,,,,,,,,,,,
2012,Germany,22.35,,,,,,,,,,,,
2013,Germany,25.02,,,,,,,,,,,,
2014,Germany,27.79,,,,,,,,,,,,
2015,Germany,26.34,,,,,,,,,,,,
2016,Germany,24.46,,,,,,,,,,,,
2017,Germany,24.48,,,,,,,,,,,,
2018,Germany,20.28,,,,,,,,,,,,
2019,Germany,22.97,,,,,,,,,,,,
2020,Germany,21.88,,,,,,,,,,,,
1974,UK,0.00,,,,,,,,,,,,
1975,UK,0.00,,,,,,,,,,,,
1976,UK,0.00,,,,,,,,,,,,
1977,UK,0.00,,,,,,,,,,,,
1978,UK,0.00,,,,,,,,,,,,
1979,UK,0.00,,,,,,,,,,,,
1980,UK,0.00,,,,,,,,,,,,
1981,UK,0.00,,,,,,,,,,,,
1982,UK,0.00,,,,,,,,,,,,
1983,UK,0.00,,,,,,,,,,,,
1984,UK,0.00,,,,,,,,,,,,
1985,UK,0.00,,,,,,,,,,,,
1986,UK,13.90,,,,,,,,,,,,
1987,UK,11.90,,,,,,,,,,,,
1988,UK,11.80,,,,,,,,,,,,
1989,UK,14.00,,,,,,,,,,,,
1990,UK,14.00,,,,,,,,,,,,
1991,UK,14.40,,,,,,,,,,,,
1992,UK,14.00,,,,,,,,,,,,
1993,UK,12.89,,,,,,,,,,,,
1994,UK,13.31,,,,,,,,,,,,
1995,UK,14.32,,,,,,,,,,,,
1996,UK,16.10,,,,,,,,,,,,
1997,UK,15.05,,,,,,,,,,,,
1998,UK,15.47,,,,,,,,,,,,
1999,UK,14.87,,,,,,,,,,,,
2000,UK,16.80,,,,,,,,,,,,
2001,UK,11.60,,,,,,,,,,,,
2002,UK,15.97,,,,,,,,,,,,
2003,UK,14.28,,,,,,,,,,,,
2004,UK,15.47,,,,,,,,,,,,
2005,UK,14.86,,,,,,,,,,,,
2006,UK,14.74,,,,,,,,,,,,
2007,UK,13.22,,,,,,,,,,,,
2008,UK,17.28,,,,,,,,,,,,
2009,UK,14.08,,,,,,,,,,,,
2010,UK,14.88,,,,,,,,,,,,
2011,UK,15.26,,,,,,,,,,,,
2012,UK,13.26,,,,,,,,,,,,
2013,UK,11.92,,,,,,,,,,,,
2014,UK,16.61,,,,,,,,,,,,
2015,UK,16.32,,,,,,,,,,,,
2016,UK,14.38,,,,,,,,,,,,
2017,UK,14.84,,,,,,,,,,,,
2018,UK,13.56,,,,,,,,,,,,
2019,UK,16.28,,,,,,,,,,,,
2020,UK,9.66,,,,,,,,,,,,
1974,Russia,0.00,,,,,,,,,,,,
1975,Russia,0.00,,,,,,,,,,,,
1976,Russia,0.00,,,,,,,,,,,,
1977,Russia,0.00,,,,,,,,,,,,
1978,Russia,0.00,,,,,,,,,,,,
1979,Russia,0.00,,,,,,,,,,,,
1980,Russia,0.00,,,,,,,,,,,,
1981,Russia,0.00,,,,,,,,,,,,
1982,Russia,0.00,,,,,,,,,,,,
1983,Russia,0.00,,,,,,,,,,,,
1984,Russia,0.00,,,,,,,,,,,,
1985,Russia,0.00,,,,,,,,,,,,
1986,Russia,0.00,,,,,,,,,,,,
1987,Russia,0.00,,,,,,,,,,,,
1988,Russia,0.00,,,,,,,,,,,,
1989,Russia,0.00,,,,,,,,,,,,
1990,Russia,0.00,,,,,,,,,,,,
1991,Russia,0.00,,,,,,,,,,,,
1992,Russia,0.00,,,,,,,,,,,,
1993,Russia,0.00,,,,,,,,,,,,
1994,Russia,0.00,,,,,,,,,,,,
1995,Russia,0.00,,,,,,,,,,,,
1996,Russia,0.00,,,,,,,,,,,,
1997,Russia,0.00,,,,,,,,,,,,
1998,Russia,0.00,,,,,,,,,,,,
1999,Russia,0.00,,,,,,,,,,,,
2000,Russia,0.00,,,,,,,,,,,,
2001,Russia,0.00,,,,,,,,,,,,
2002,Russia,0.00,,,,,,,,,,,,
2003,Russia,34.06,,,,,,,,,,,,
2004,Russia,45.41,,,,,,,,,,,,
2005,Russia,47.70,,,,,,,,,,,,
2006,Russia,44.93,,,,,,,,,,,,
2007,Russia,49.37,,,,,,,,,,,,
2008,Russia,63.77,,,,,,,,,,,,
2009,Russia,61.74,,,,,,,,,,,,
2010,Russia,41.51,,,,,,,,,,,,
2011,Russia,56.23,,,,,,,,,,,,
2012,Russia,37.72,,,,,,,,,,,,
2013,Russia,52.09,,,,,,,,,,,,
2014,Russia,59.10,,,,,,,,,,,,
2015,Russia,61.05,,,,,,,,,,,,
2016,Russia,72.50,,,,,,,,,,,,
2017,Russia,85.13,,,,,,,,,,,,
2018,Russia,71.69,,,,,,,,,,,,
2019,Russia,73.61,,,,,,,,,,,,
2020,Russia,85.35,,,,,,,,,,,,
1974,Ukraine,0.00,,,,,,,,,,,,
1975,Ukraine,0.00,,,,,,,,,,,,
1976,Ukraine,0.00,,,,,,,,,,,,
1977,Ukraine,0.00,,,,,,,,,,,,
1978,Ukraine,0.00,,,,,,,,,,,,
1979,Ukraine,0.00,,,,,,,,,,,,
1980,Ukraine,0.00,,,,,,,,,,,,
1981,Ukraine,0.00,,,,,,,,,,,,
1982,Ukraine,0.00,,,,,,,,,,,,
1983,Ukraine,0.00,,,,,,,,,,,,
1984,Ukraine,0.00,,,,,,,,,,,,
1985,Ukraine,0.00,,,,,,,,,,,,
1986,Ukraine,0.00,,,,,,,,,,,,
1987,Ukraine,0.00,,,,,,,,,,,,
1988,Ukraine,0.00,,,,,,,,,,,,
1989,Ukraine,0.00,,,,,,,,,,,,
1990,Ukraine,0.00,,,,,,,,,,,,
1991,Ukraine,0.00,,,,,,,,,,,,
1992,Ukraine,0.00,,,,,,,,,,,,
1993,Ukraine,0.00,,,,,,,,,,,,
1994,Ukraine,0.00,,,,,,,,,,,,
1995,Ukraine,0.00,,,,,,,,,,,,
1996,Ukraine,0.00,,,,,,,,,,,,
1997,Ukraine,0.00,,,,,,,,,,,,
1998,Ukraine,0.00,,,,,,,,,,,,
1999,Ukraine,0.00,,,,,,,,,,,,
2000,Ukraine,0.00,,,,,,,,,,,,
2001,Ukraine,0.00,,,,,,,,,,,,
2002,Ukraine,0.00,,,,,,,,,,,,
2003,Ukraine,3.60,,,,,,,,,,,,
2004,Ukraine,16.53,,,,,,,,,,,,
2005,Ukraine,18.70,,,,,,,,,,,,
2006,Ukraine,13.81,,,,,,,,,,,,
2007,Ukraine,13.94,,,,,,,,,,,,
2008,Ukraine,25.88,,,,,,,,,,,,
2009,Ukraine,20.89,,,,,,,,,,,,
2010,Ukraine,16.85,,,,,,,,,,,,
2011,Ukraine,22.32,,,,,,,,,,,,
2012,Ukraine,15.76,,,,,,,,,,,,
2013,Ukraine,22.28,,,,,,,,,,,,
2014,Ukraine,24.74,,,,,,,,,,,,
2015,Ukraine,27.28,,,,,,,,,,,,
2016,Ukraine,26.79,,,,,,,,,,,,
2017,Ukraine,26.98,,,,,,,,,,,,
2018,Ukraine,25.06,,,,,,,,,,,,
2019,Ukraine,29.17,,,,,,,,,,,,
2020,Ukraine,25.42,,,,,,,,,,,,
1974,Turkey,0.00,,,,,,,,,,,,
1975,Turkey,0.00,,,,,,,,,,,,
1976,Turkey,0.00,,,,,,,,,,,,
1977,Turkey,0.00,,,,,,,,,,,,
1978,Turkey,0.00,,,,,,,,,,,,
1979,Turkey,0.00,,,,,,,,,,,,
1980,Turkey,0.00,,,,,,,,,,,,
1981,Turkey,0.00,,,,,,,,,,,,
1982,Turkey,0.00,,,,,,,,,,,,
1983,Turkey,0.00,,,,,,,,,,,,
1984,Turkey,0.00,,,,,,,,,,,,
1985,Turkey,0.00,,,,,,,,,,,,
1986,Turkey,19.00,,,,,,,,,,,,
1987,Turkey,18.90,,,,,,,,,,,,
1988,Turkey,20.50,,,,,,,,,,,,
1989,Turkey,16.20,,,,,,,,,,,,
1990,Turkey,20.00,,,,,,,,,,,,
1991,Turkey,16.50,,,,,,,,,,,,
1992,Turkey,15.50,,,,,,,,,,,,
1993,Turkey,16.50,,,,,,,,,,,,
1994,Turkey,14.70,,,,,,,,,,,,
1995,Turkey,15.50,,,,,,,,,,,,
1996,Turkey,16.20,,,,,,,,,,,,
1997,Turkey,16.20,,,,,,,,,,,,
1998,Turkey,18.50,,,,,,,,,,,,
1999,Turkey,16.50,,,,,,,,,,,,
2000,Turkey,17.50,,,,,,,,,,,,
2001,Turkey,15.50,,,,,,,,,,,,
2002,Turkey,17.30,,,,,,,,,,,,
2003,Turkey,18.50,,,,,,,,,,,,
2004,Turkey,18.50,,,,,,,,,,,,
2005,Turkey,21.50,,,,,,,,,,,,
2006,Turkey,20.01,,,,,,,,,,,,
2007,Turkey,17.23,,,,,,,,,,,,
2008,Turkey,17.78,,,,,,,,,,,,
2009,Turkey,20.60,,,,,,,,,,,,
2010,Turkey,19.67,,,,,,,,,,,,
2011,Turkey,21.80,,,,,,,,,,,,
2012,Turkey,20.10,,,,,,,,,,,,
2013,Turkey,22.05,,,,,,,,,,,,
2014,Turkey,19.00,,,,,,,,,,,,
2015,Turkey,22.60,,,,,,,,,,,,
2016,Turkey,20.60,,,,,,,,,,,,
2017,Turkey,21.50,,,,,,,,,,,,
2018,Turkey,20.00,,,,,,,,,,,,
2019,Turkey,19.00,,,,,,,,,,,,
2020,Turkey,19.50,,,,,,,,,,,,
1974,Australia,11.36,,,,,,,,,,,,
1975,Australia,11.98,,,,,,,,,,,,
1976,Australia,11.80,,,,,,,,,,,,
1977,Australia,9.37,,,,,,,,,,,,
1978,Australia,18.09,,,,,,,,,,,,
1979,Australia,16.19,,,,,,,,,,,,
1980,Australia,10.86,,,,,,,,,,,,
1981,Australia,16.36,,,,,,,,,,,,
1982,Australia,8.80,,,,,,,,,,,,
1983,Australia,20.79,,,,,,,,,,,,
1984,Australia,18.07,,,,,,,,,,,,
1985,Australia,16.06,,,,,,,,,,,,
1986,Australia,16.12,,,,,,,,,,,,
1987,Australia,12.29,,,,,,,,,,,,
1988,Australia,13.94,,,,,,,,,,,,
1989,Australia,14.21,,,,,,,,,,,,
1990,Australia,15.07,,,,,,,,,,,,
1991,Australia,10.56,,,,,,,,,,,,
1992,Australia,14.74,,,,,,,,,,,,
1993,Australia,16.48,,,,,,,,,,,,
1994,Australia,8.96,,,,,,,,,,,,
1995,Australia,16.50,,,,,,,,,,,,
1996,Australia,22.92,,,,,,,,,,,,
1997,Australia,19.23,,,,,,,,,,,,
1998,Australia,21.46,,,,,,,,,,,,
1999,Australia,24.76,,,,,,,,,,,,
2000,Australia,22.11,,,,,,,,,,,,
2001,Australia,24.30,,,,,,,,,,,,
2002,Australia,10.13,,,,,,,,,,,,
2003,Australia,26.13,,,,,,,,,,,,
2004,Australia,21.91,,,,,,,,,,,,
2005,Australia,25.15,,,,,,,,,,,,
2006,Australia,10.82,,,,,,,,,,,,
2007,Australia,13.57,,,,,,,,,,,,
2008,Australia,21.42,,,,,,,,,,,,
2009,Australia,21.83,,,,,,,,,,,,
2010,Australia,27.41,,,,,,,,,,,,
2011,Australia,29.91,,,,,,,,,,,,
2012,Australia,22.86,,,,,,,,,,,,
2013,Australia,25.30,,,,,,,,,,,,
2014,Australia,23.74,,,,,,,,,,,,
2015,Australia,22.27,,,,,,,,,,,,
2016,Australia,31.82,,,,,,,,,,,,
2017,Australia,20.94,,,,,,,,,,,,
2018,Australia,17.60,,,,,,,,,,,,
2019,Australia,14.48,,,,,,,,,,,,
2020,Australia,33.34,,,,,,,,,,,,